GDP,Abkhazia,Afghanistan,Akrotiri and Dhekelia,Albania,Algeria,American Samoa,Andorra,Angola,Anguilla,Antigua and Barbuda,Argentina,Armenia,Aruba,Australia,Austria,Azerbaijan,Bahamas,Bahrain,Bangladesh,Barbados,Belarus,Belgium,Belize,Benin,Bermuda,Bhutan,Bolivia,Bosnia and Herzegovina,Botswana,Brazil,British Virgin Islands,Brunei,Bulgaria,Burkina Faso,Burundi,Cambodia,Cameroon,Canada,Cape Verde,Cayman Islands,Central African Republic,Chad,Channel Islands,Chile,China,Christmas Island,Cocos Island,Colombia,Comoros,"Congo, Dem. Rep.","Congo, Rep.",Cook Is,Costa Rica,Cote d'Ivoire,Croatia,Cuba,Cyprus,Czech Republic,Czechoslovakia,Denmark,Djibouti,Dominica,Dominican Republic,East Germany,Ecuador,Egypt,El Salvador,Equatorial Guinea,Eritrea,Eritrea and Ethiopia,Estonia,Ethiopia,Faeroe Islands,Falkland Is (Malvinas),Fiji,Finland,France,French Guiana,French Polynesia,Gabon,Gambia,Georgia,Germany,Ghana,Gibraltar,Greece,Greenland,Grenada,Guadeloupe,Guam,Guatemala,Guernsey,Guinea,Guinea-Bissau,Guyana,Haiti,Holy See,Honduras,"Hong Kong, China",Hungary,Iceland,India,Indonesia,Iran,Iraq,Ireland,Isle of Man,Israel,Italy,Jamaica,Japan,Jersey,Jordan,Kazakhstan,Kenya,Kiribati,North Korea,South Korea,"United Korea (former)
",Kosovo,Kuwait,Kyrgyz Republic,Lao,Latvia,Lebanon,Lesotho,Liberia,Libya,Liechtenstein,Lithuania,Luxembourg,"Macao, China","Macedonia, FYR",Madagascar,Malawi,Malaysia,Maldives,Mali,Malta,Marshall Islands,Martinique,Mauritania,Mauritius,Mayotte,Mexico,"Micronesia, Fed. Sts.",Moldova,Monaco,Mongolia,Montenegro,Montserrat,Morocco,Mozambique,Myanmar,Namibia,Nauru,Nepal,Netherlands,Netherlands Antilles,New Caledonia,New Zealand,Ngorno-Karabakh,Nicaragua,Niger,Nigeria,Niue,Norfolk Island,Northern Cyprus,Northern Mariana Islands,Norway,Oman,Pakistan,Palau,Panama,Papua New Guinea,Paraguay,Peru,Philippines,Pitcairn,Poland,Portugal,Puerto Rico,Qatar,Reunion,Romania,Russia,Rwanda,St. Barthélemy,St. Helena,St. Kitts and Nevis,St. Lucia,St. Martin,St. Vincent and the Grenadines,St.-Pierre-et-Miquelon,Samoa,San Marino,Sao Tome and Principe,Saudi Arabia,Senegal,Serbia,Serbia and Montenegro,Serbia excluding Kosovo,Seychelles,Sierra Leone,Singapore,Slovak Republic,Slovenia,Solomon Islands,Somalia,Somaliland,South Africa,South Ossetia,Spain,Sri Lanka,Sudan,Suriname,Svalbard,Swaziland,Sweden,Switzerland,Syria,Taiwan,Tajikistan,Tanzania,Thailand,Timor-Leste,Togo,Tokelau,Tonga,Transnistria,Trinidad and Tobago,Tunisia,Turkey,Turkmenistan,Turks and Caicos Islands,Tuvalu,Uganda,Ukraine,United Arab Emirates,United Kingdom,United States,Uruguay,USSR,Uzbekistan,Wallis et Futuna,Vanuatu,Venezuela,West Bank and Gaza,West Germany,Western Sahara,Vietnam,Virgin Islands (U.S.),North Yemen (former),South Yemen (former),Yemen,Yugoslavia,Zambia,Zimbabwe,Åland,South Sudan
1990,,1028,,4350,10113,,28417,4232,,17154,8539,3736,37014,28604,31053,8513,24281,35398,1274,12992,8084,30798,5166,1362,40553,2332,3740,2974,8075,10331,,77076,9333,821,1051,996,2768,31163,1609,58535,944,1111,,9193,1516,,,7752,1595,1270,5264,,7333,3234,17890,13670,23802,19839,,33256,3050,6661,5278,,7542,6020,4454,1050,850,,13260,653,,,5694,28599,29476,,,19358,1517,8018,31476,1920,,21085,17371,7488,,,5315,,1128,1564,3231,2242,,3205,26974,16930,28666,1777,4548,9511,11212,22468,,17152,30746,7391,29550,,7057,12729,2376,1453,2076,12087,,15393,37521,3475,1622,13383,7734,1301,503,26928,,17041,56922,36984,9563,1661,540,10159,4363,1100,16596,2950,,2800,7568,,12479,2763,6440,43173,5122,16136,,3901,462,1775,5717,30647,1240,32534,,,24021,,3025,924,3030,,,,,43296,35076,2961,16913,7463,1607,5985,5280,4010,,10088,20282,25275,73402,,11449,19349,856,,,14258,7979,,5726,,3649,34215,2254,35681,1856,14457,,,14116,1334,34316,14366,19147,1793,930,,10364,,24126,3340,1753,10625,,4844,30901,46600,3809,20432,3635,1471,6369,1046,1350,,3572,,13464,5502,10670,8353,10751,2369,767,10490,114832,26424,37062,9841,,3032,,2550,14539,2264,,,1501,,,,3441,,2407,2532,,2013
1991,,1022,,3081,9748,,28029,4056,,17361,9333,3329,38310,28122,31802,8323,22841,38315,1287,12573,7983,31247,5594,1370,39322,2326,3845,2613,8430,10315,,77275,8630,872,1075,1055,2586,30090,1597,56634,918,1169,,9747,1634,,,7776,1473,1120,5249,,7337,3128,14020,12113,23366,17577,,33601,2811,6709,5222,,7685,5974,4545,1005,939,,12008,585,,,5488,26761,29707,,,19995,1510,6282,32844,1965,,21528,17295,7646,,,5383,,1097,1607,3432,2208,,3219,28277,14926,28272,1760,4868,10502,3921,22770,,17394,31198,7697,30437,,6426,11258,2332,1365,1973,13130,,10929,18820,3150,1644,11735,10497,1326,439,30431,,16038,61019,37340,8995,1510,575,10832,4555,1095,17459,2881,,2772,7819,,12738,2894,5395,43365,4606,14269,,4119,473,1741,5970,24303,1287,33066,,,22636,,2948,918,2936,,,,,44419,35728,3026,15886,7997,1717,6037,5290,3891,,9347,21216,25311,70806,,10059,18332,863,,,14253,8077,,5745,,3539,34302,2235,37688,1846,13278,,,14351,1361,35583,12223,17370,1847,921,,10049,,24684,3442,1830,10759,,4793,30340,45599,3991,21996,3302,1453,6841,1121,1306,,3795,,13735,5604,10568,7748,11226,2441,782,9588,109658,26017,36543,10118,,2953,,2557,15577,2027,,,1562,,,,3482,,2348,2604,,2089
1992,,941,,2877,9693,,27218,3656,,17226,10130,1973,38238,27895,32113,6346,21555,39854,1327,11911,7201,31596,6154,1359,39584,2463,3817,1970,8436,10104,,78688,8089,851,1062,1096,2434,29977,1728,55811,839,1223,,10744,1845,,,8014,1561,963,5248,,7816,3019,12269,10637,24891,17470,,34152,2736,6833,5657,,7672,6134,4811,1310,1040,,10523,516,,,5751,25726,30033,,,18868,1513,3435,33221,1985,,21442,16391,7565,,,5514,,1068,1588,3703,1873,,3308,29789,14474,26977,1821,5131,10792,5048,23371,,17749,31437,7792,30610,,7242,10669,2239,1388,1745,13744,,7666,50924,2681,1686,8057,10699,1395,290,28944,,12629,61310,41375,8454,1482,527,11491,4699,1159,18100,3030,,2745,8219,,12925,2933,3822,43703,4132,10808,,3930,435,1784,6198,19946,1306,33377,,,22651,,2888,830,2875,,,,,45742,37147,3174,14474,8476,1907,5988,5160,3813,,9553,21464,26169,77977,,9253,15661,973,,,14600,8536,,6166,,3500,34112,2207,38237,1813,9531,,,15185,1109,36978,11364,16351,2024,813,,9631,,24831,3561,1892,10588,,4835,29813,45080,4399,23207,2300,1413,7333,1195,1223,,3800,,13426,5920,10920,6402,11612,2496,781,8633,107416,26062,37321,10841,,2561,,2548,16143,2386,,,1667,,,,3578,,2253,2316,,2137
1993,,810,,3172,9279,,26011,2663,,17753,10602,1842,38477,28732,32017,4806,21222,43894,1360,11995,6639,31170,6424,1386,40557,2557,3887,1466,8368,10413,,76750,8033,857,975,1004,2177,30424,1827,55971,821,999,,11287,2078,,,8052,1569,801,5062,,8196,2918,11182,9001,24467,17462,,34008,2505,6926,5949,,7652,6212,5086,1406,1175,,9870,564,,,5792,25414,29719,,,19101,1515,2410,32689,2024,,20906,15569,7283,,,5598,,1059,1585,4001,1799,,3423,31097,14407,27055,1871,5412,10500,6379,23881,,18244,31149,8463,30587,,7242,9751,2177,1418,1619,14466,,5429,69683,2266,1736,7792,11136,1413,197,27251,,10615,63033,42708,7878,1468,576,12309,4850,1106,18732,3169,,2824,8535,,13172,3094,3780,43063,3966,6780,,3825,455,1809,5921,16430,1321,33562,,,23830,,2807,814,2863,,,,,46765,37882,3148,12343,8757,2198,6132,5329,3804,,9884,21000,26949,76440,,9406,14320,965,,,15395,8655,,6170,,3608,36612,2190,37182,1782,6622,,,15893,1135,40213,11536,16748,2045,817,,9546,,24498,3759,1918,9690,,4887,29028,44615,4498,24595,1891,1384,7882,1273,1014,,3937,,13158,5991,11569,6320,12229,2586,818,7401,103224,26688,37844,11048,,2446,,2494,15829,2521,,,1770,,,,3536,,2351,2292,,2141
1994,,725,,3457,9006,,25907,2669,,18400,11108,1988,39318,29580,32660,3808,21516,42712,1383,12437,5869,32077,6310,1364,40518,2723,3975,1574,8449,10802,,77038,8207,845,921,1058,2160,31505,2120,56412,841,1066,,11725,2323,,,8366,1451,742,4659,,8378,2851,11764,9018,25380,17964,,35766,2440,7009,5973,,7805,6360,5318,1586,1416,,9870,562,,,6002,26301,30303,,,19298,1475,2181,33375,2036,,21147,16500,7401,,,5691,,1046,1599,4331,1621,,3293,32240,14852,27789,1959,5727,10344,6420,25156,,19010,31813,8514,30746,,7312,8647,2168,1468,1605,15577,,5166,75577,1812,1828,8081,11729,1461,153,27202,,9599,64557,43778,7779,1422,514,13107,5037,1087,19616,3321,,2660,8764,,13516,3016,2620,43791,4020,6788,,4197,468,1839,5850,15564,1393,34348,,,24716,,2833,818,2817,,,,,48850,38131,3183,12882,8823,2270,6306,5875,3882,,10386,21146,27764,76944,,9794,12535,509,,,15979,8677,,5983,,3483,38698,2196,36526,1731,6786,,,15507,1124,43231,12204,17576,2171,644,,9643,,25015,3915,1879,9873,,4909,30000,44823,4693,26091,1465,1362,8529,1365,1138,,4125,,13562,6031,10857,5094,13055,2839,842,5732,104855,27691,38892,11766,,2274,,2647,15124,2722,,,1895,,,,3598,,2098,2456,,2125
1995,,872,,3941,9168,,26143,2859,,17167,10673,2169,38602,30359,33480,3320,22119,43244,1424,12587,5275,32774,6209,1398,41999,2930,4068,1976,8823,11108,,78406,8479,869,835,1091,2188,32101,2361,56588,881,1044,,12759,2551,,,8643,1467,724,4715,,8495,2964,12543,9195,26445,19093,,36670,2315,7148,6188,,7811,6553,5589,1803,1438,,10464,578,,,6073,27303,30823,,,19738,1448,2298,33843,2066,,21426,17117,7522,,,5836,,1049,1632,4533,1672,,3344,32358,15095,27671,2069,6111,10477,6353,27439,,22550,32731,8644,31224,,7516,8079,2199,1434,1442,16798,,5403,82268,1696,1908,8110,12254,1466,142,23363,,10115,64568,44465,7700,1402,593,14035,5264,1126,20720,3562,,2838,9062,,12491,3185,2596,44514,4244,7635,,3870,465,1868,5900,14177,1405,35244,,,25476,,2934,811,2740,,,,,50616,39194,3255,13913,8795,2139,6582,6198,3973,,11093,21975,28629,77809,,10516,12013,695,,,16362,8854,,6044,,3686,41846,2197,35870,1774,7167,,,15097,1041,44884,12879,18240,2284,637,,9730,,25645,4075,1934,9848,,5043,31044,44738,4894,27307,1266,1369,9239,1477,1198,,4269,,14046,6055,11530,4623,13317,2686,910,5073,106425,28317,39476,11513,,2213,,2610,15390,2788,,,2042,,,,3644,,2106,2416,,2132
1996,,895,,4326,9375,,27180,3091,,17830,11150,2333,38003,31145,34237,3329,22758,43781,1457,12783,5441,33217,6137,1414,42817,3072,4152,3771,9121,11178,,78661,8659,938,758,1117,2233,32290,2568,56861,827,1032,,13498,2775,,,8664,1413,698,4782,,8357,3103,13797,9871,26450,19934,,37521,2181,7359,6514,,7781,6774,5626,2907,1542,,11245,630,,,6291,28210,31141,,,19933,1439,2621,34008,2110,,21905,17372,7785,,,5873,,1061,1781,4872,1710,,3385,32272,15126,28839,2186,6478,11043,6834,29695,,23240,33143,8531,31958,,7443,8243,2227,1500,1393,17835,,5762,82811,1790,1993,8408,12726,1520,151,23533,,10606,64660,43547,7759,1388,625,15051,5602,1132,21373,3172,,2916,9471,,12979,3063,2466,44836,4304,9559,,4325,485,1895,5906,12418,1443,36152,,,25984,,3057,809,2805,,,,,52892,39990,3324,14978,8857,2245,6536,6260,4112,,11776,22658,29129,79461,,10969,11597,749,,,17231,9213,,6127,,3925,43518,2186,36531,1764,7348,,,15609,1061,46342,13720,18894,2257,648,,9925,,26270,4184,1992,9839,,5125,31465,44809,5246,28866,1040,1392,9689,1644,1272,,4256,,14561,6393,12190,4841,13962,2515,961,4606,106923,28998,40501,12068,,2208,,2615,15044,2860,,,2197,,,,3676,,2180,2619,,2183
1997,,921,,3909,9322,,29729,3246,,18186,11935,2438,40312,32013,34952,3488,22971,43798,1492,13564,6087,34377,6177,1451,44514,3184,4264,4996,9637,11382,,75654,8617,970,737,1148,2289,33310,2794,57445,852,1054,,14186,3000,,,8804,1434,645,4618,,8603,3131,14463,10106,26704,19821,,38584,2127,7510,6918,,7951,7036,5817,7037,1623,,12709,630,,,6087,29884,31756,,,20545,1468,2951,34578,2148,,22739,17613,8117,,,5992,,1089,1855,5153,1726,,3475,33636,15667,30009,2235,6683,11216,8027,32568,,23544,33733,8354,32391,,7481,8517,2179,1559,1230,18687,,6137,82227,1939,2084,9238,12347,1563,289,22977,,11360,67646,42700,7805,1394,633,15749,6120,1178,22344,2950,,2717,9885,,13634,2873,2515,45690,4435,9978,,4177,520,1919,5971,10988,1478,37414,,,26152,,3117,802,2813,,,,,55386,42370,3270,14961,9237,2101,6665,6551,4230,,12602,23555,29770,100111,,10329,11779,781,,,18190,9125,,6945,,3929,44268,2164,37060,1774,7899,,,17272,996,48528,14525,19887,2163,613,,9952,,27167,4396,2142,10263,,5167,32360,45734,5385,30613,1045,1405,9454,1741,1418,,4235,,14928,6649,12911,4221,14440,2757,979,4509,109553,29662,41812,13007,,2280,,2693,15680,3392,,,2339,,,,3746,,2203,2645,,2338
1998,,947,,4434,9646,,30819,3376,,18483,12268,2636,42565,33085,36157,3801,23799,44399,1538,14081,6630,34992,6220,1466,45912,3292,4384,5609,9507,11250,,73498,8976,1012,763,1176,2338,34389,3082,58314,873,1090,,14450,3205,,,8701,1416,622,4657,,9095,3202,14965,10086,27721,19777,,39297,2092,7936,7283,,8045,7207,5994,8437,1603,,13705,591,,,6108,31423,32764,,,20729,1477,3072,35254,2199,,23535,18955,8633,,,6149,,1107,1305,5041,1733,,3500,31394,16365,31601,2332,5721,11311,10490,34985,,24009,34269,8086,31656,,7503,8500,2194,1702,1267,17493,,5604,80971,1950,2123,9912,12703,1572,346,22502,,12200,71147,40077,7983,1404,639,14231,6564,1217,23347,2854,,2711,10375,,14033,2966,2353,47144,4544,10482,,4448,562,1944,5991,9952,1487,38816,,,26077,,3175,854,2818,,,,,56502,43621,3266,14930,9713,1969,6527,6418,4115,,13225,24560,31597,107276,,9855,11173,768,,,18189,9574,,7310,,3997,47258,2174,37671,1834,8121,,,18361,1006,45863,15085,20585,2142,607,,9770,,28238,4550,2175,10283,,5189,33709,46942,5620,31879,1086,1421,8363,1738,1351,,4331,,16064,6879,13008,4460,15429,3172,996,4463,104107,30614,43166,13508,,2340,,2761,15416,4163,,,2437,,,,3857,,2136,2680,,2407
1999,,972,,4912,9810,,31940,3389,,18780,11722,2740,42564,34346,37382,4047,25193,44619,1579,14400,6879,36209,6568,1500,47200,3459,4312,5965,10228,11139,,74041,8516,1057,744,1285,2369,35810,3363,58007,887,1045,,14159,3419,,,8194,1407,583,4413,,9610,3178,14652,10674,28698,20082,,40321,2103,8035,7649,,7511,7528,6165,10273,1550,,13723,604,,,6594,32743,33707,,,18413,1527,3185,35931,2244,,24152,19182,9489,,,6239,,1130,1289,5166,1748,,3362,31875,16943,32521,2496,5684,11327,11958,38122,,24263,34798,8115,31535,,7566,8813,2187,1676,1377,19233,,4353,75316,1991,2237,10208,12475,1563,397,22235,,12002,76102,38504,8242,1424,640,14748,6950,1265,24330,2777,,2834,10512,,14177,3018,2276,48523,4643,9506,,4414,592,1998,6035,9308,1517,40306,,,27371,,3342,819,2761,,,,,57246,43544,3303,13859,9889,1953,6303,6411,4151,,13824,25371,32088,107741,,9752,11925,754,,,18904,9673,,7635,,4066,51019,2186,36746,1904,7161,,,18341,969,48271,15039,21655,2074,605,,9766,,29353,4677,2183,10054,,5243,35208,47486,5291,32852,1111,1454,8633,1132,1349,,4478,,16739,7201,12381,5132,16100,3109,1043,4496,101940,31474,44673,13177,,2414,,2720,14216,4788,,,2515,,,,3892,,2176,2625,,2518
2000,,962,,5305,9885,,31662,3387,,19319,11504,2919,43703,35253,38548,4459,25858,45063,1632,14677,7300,37404,7215,1525,51140,3596,4330,6158,10250,11461,,74475,9075,1046,723,1368,2404,37314,3772,56574,848,998,,14614,3678,,,8414,1391,531,4623,,9564,3049,15644,11268,30005,21003,,41693,2079,8091,7955,,7444,7807,6266,11768,1446,,14877,623,,,6444,34517,34774,,,17630,1564,3269,36953,2273,,25030,20499,9650,,,6313,,1139,1330,5071,1734,,3483,34017,17707,33599,2548,5878,11719,11764,41198,,25739,36073,8139,32193,,7695,9706,2143,1804,1287,20757,,4648,75219,2075,2327,10859,12335,1629,473,22682,,12484,81425,40091,8543,1446,632,15695,7134,1269,25841,2936,,2738,11349,,14704,3167,2329,50200,4655,9803,,4430,583,2069,6111,8671,1577,41771,,,27963,,3424,778,2836,,,,,58699,45472,3366,12894,9954,1856,6031,6485,4243,,14565,26147,32484,112238,,9970,13173,764,,,19086,9980,,7571,,4326,51350,2157,37531,1916,7741,,,18453,1006,51663,15242,22488,1731,603,,9927,,30647,4946,2258,9908,,5257,36816,49083,5188,34205,1186,1488,8939,1322,1305,,4605,,17721,7464,13025,5351,16099,3064,1042,4809,108048,32543,45986,12876,,2471,,2823,14461,4206,,,2650,,,,4017,,2202,2521,,2684
2001,,862,,5730,10203,,31794,3417,,18388,10875,3214,42445,35452,38919,4863,26078,44169,1685,14244,7704,37620,7373,1570,54245,3780,4315,6354,10115,11446,,74868,9596,1084,720,1448,2447,37563,3784,55159,870,1073,,14925,3955,,,8415,1517,506,4680,,9465,2999,16130,11588,30745,21726,,41886,2090,8131,7974,,7593,7955,6345,18637,1511,,15894,656,,,6548,35327,35197,,,17579,1606,3451,37517,2306,,25884,20699,9433,,,6305,,1161,1329,5163,1688,,3505,33956,18411,34403,2628,6005,11977,11684,42686,,25167,36692,8197,32230,,7903,11035,2166,1785,1368,21536,,5898,72922,2164,2424,11787,12356,1684,557,21933,,13314,82071,40672,8229,1487,585,15443,7247,1382,24685,3092,,2709,11549,,14411,3230,2476,50855,4748,9871,,4710,634,2129,6076,8076,1619,42130,,,28752,,3474,804,2888,,,,,59620,46523,3362,13412,9814,1806,5860,6433,4275,,14744,26468,35607,112539,,10684,13902,796,,,19746,9507,,7693,,4601,53121,2188,36387,1953,8141,,,18018,900,49809,15778,23115,1550,603,,9988,,31488,4949,2338,10214,,5263,37292,49479,5232,32912,1285,1538,9028,1507,1251,,4745,,18383,7699,12106,5521,16305,3097,1060,5305,105860,33282,45978,12359,,2543,,2664,14673,3836,,,2778,,,,4053,,2260,2540,,2769
2002,,1053,,5913,10634,,31866,3759,,18676,9574,3654,40288,36375,39370,5338,26260,43654,1721,14275,8144,38036,7548,1586,53097,4062,4335,6660,10577,11638,,76130,10220,1099,731,1516,2480,38270,3910,54590,887,1120,,15075,4285,,,8488,1513,507,4778,,9548,2904,16977,11715,31373,22126,,41947,2114,7972,8307,,7753,8013,6469,21586,1491,,16974,647,,,6745,35834,35333,,,17126,1506,3664,37458,2350,,26625,20426,9734,,,6389,,1200,1287,5197,1657,,3563,34366,19292,34252,2684,6186,12712,10567,44423,,24650,36729,8349,32248,,8160,12116,2120,1763,1375,23008,,5853,72630,2144,2533,12782,12199,1680,718,21390,,14268,83876,43688,8314,1259,580,15950,7540,1397,25191,3174,,2646,11711,,14243,3256,2676,51060,4925,10019,,4815,671,2196,6279,7257,1591,41848,,,29637,,3452,798,2922,,,,,60152,44628,3405,14242,9836,1758,5742,6693,4340,,14964,26526,36192,117133,,11429,14629,880,,,19801,9413,,8168,,4773,51953,2191,34875,1915,8725,,,17693,1087,51435,16528,23972,1468,607,,10213,,31866,5111,2419,10502,,5320,37941,49177,5474,34259,1398,1607,9399,1363,1207,,4878,,19773,7752,12669,5477,15544,3321,1115,5637,105346,33954,46367,11401,,2612,,2467,13129,3685,,,2920,,,,4094,,2304,2304,,2855
2003,,1097,,6274,11251,,34500,3819,,19566,10318,4182,39246,37035,39475,5891,25387,43914,1774,14485,8778,38214,8042,1594,54550,4247,4367,6929,10923,11627,,76737,10829,1150,700,1617,2514,38621,4006,54335,825,1237,,15499,4685,,,8683,1505,520,4702,,9972,2825,17920,12123,31858,22930,,41996,2150,8554,8162,,7814,8134,6595,23856,1389,,18359,615,,,6804,36461,35371,,,17105,1559,4096,37167,2409,,28303,20278,10627,,,6390,,1194,1266,5124,1637,,3651,35487,20079,34938,2850,6389,13454,6873,44998,,24470,36622,8500,32721,,8292,13198,2124,1801,1405,23566,,6198,82466,2271,2651,14020,11998,1747,474,23808,,15709,83849,48470,8473,1342,596,16550,8452,1456,25059,3183,,2721,12052,,14268,3320,2860,51275,5216,10228,,5067,692,2276,6470,7261,1626,41761,,,30404,,3493,811,3144,,,,,60351,41970,3506,13489,10053,1752,5873,6883,4465,,15508,26180,36600,115622,,12105,15768,879,,,18995,9771,,8779,,4958,52589,2291,35859,1988,9134,,,16832,1133,54515,17433,24639,1523,611,,10382,,32293,5344,2533,10979,,5410,38702,48837,5341,34840,1522,1673,9962,1283,1235,,4953,,22519,8094,13151,5598,16045,3190,1147,6217,109675,35250,47260,11500,,2691,,2508,11894,3922,,,3085,,,,4129,,2403,1908,,2976
2004,,1067,,6672,11575,,36330,4087,,20395,11135,4635,41057,38130,40292,6435,25073,44206,1840,14620,9851,39356,8203,1590,55453,4373,4464,7369,11085,12135,,75596,11602,1167,709,1755,2540,39436,4352,53625,860,1592,,16260,5127,,,9005,1495,539,4745,,10212,2820,18656,12791,32812,24057,,42993,2202,8799,8147,,8300,8328,6693,31942,1351,,19665,679,,,7149,37783,36090,,,16822,1617,4346,37614,2479,,29604,21086,10529,,,6429,,1200,1273,5270,1557,,3801,38274,21087,37482,3029,6615,13975,10311,46205,,25256,36962,8651,33483,,8788,14365,2173,1826,1410,24628,,6356,88010,2401,2780,15437,12348,1775,441,24489,,16913,86738,60450,8848,1371,609,17342,9511,1442,24766,3183,,2792,12665,,14700,3220,3080,52196,5706,10659,,5259,732,2351,7184,6936,1675,42389,,,31098,,3632,782,4098,,,,,62370,41220,3698,14363,10605,1756,5994,7137,4672,,16314,26590,37237,126335,,13286,16967,928,,,19565,10455,,9126,,5155,53723,2341,37556,2049,9983,,,16412,1154,58977,18351,25694,1557,614,,10715,,32745,5559,2557,11836,,5533,40216,49882,5546,36032,1645,1756,10497,1244,1228,,4959,,24175,8468,14187,5817,17013,3129,1184,7022,110662,35910,48597,12081,,2865,,2542,13820,4163,,,3278,,,,4177,,2507,1794,,3045
2005,,1146,,7075,12077,,39787,4667,,21414,12039,5297,40737,38840,40875,8052,25397,44031,1934,15128,10851,39881,8202,1584,56017,4565,4578,7751,11460,12373,,74441,12359,1232,692,1957,2532,40284,4604,55970,853,1803,,16985,5675,,,9286,1498,556,4978,,10629,2828,19420,14200,33592,25571,,43919,2240,8764,8772,,8582,8556,6907,36200,1332,,21651,738,,,7169,38700,36395,,,17069,1552,4716,37901,2558,,29768,21846,11892,,,6475,,1210,1299,5140,1562,,3952,40923,22029,39108,3262,6892,14452,10489,47775,,25891,37130,8803,33916,,9293,15619,2240,1792,1464,25541,,6735,92665,2370,2930,17192,12258,1810,470,26967,,18256,88944,64277,9247,1393,609,17929,8619,1483,25510,3272,,2955,12747,,14961,3301,3318,52761,6047,11090,,5363,774,2339,7279,6097,1708,43243,,,31798,,3740,788,4130,,,,,63573,41270,3910,14644,11156,1822,6007,7499,4804,,16900,26744,37503,119134,,13941,18118,973,,,21064,10158,,9337,,5335,53928,2321,38892,2106,10568,,,17803,1158,61921,19549,26677,1602,616,,11133,,33396,5843,2672,12225,,5618,41184,51069,5738,36825,1719,1848,10901,1301,1211,,5006,,25439,8707,15176,6505,18734,2995,1217,7265,102324,36665,49762,12978,,3030,,2610,14981,4506,,,3485,,,,4295,,2620,1689,,3221
2006,,1173,,7476,12088,,42738,5445,,24016,12913,6020,40209,39416,42036,10711,25530,43358,2038,15913,12010,40661,8360,1592,58785,4767,4716,8242,12241,12732,,76287,13228,1271,704,2136,2547,41012,4937,56971,869,1755,,17554,6360,,,9759,1499,569,5138,,11371,2827,20358,15901,34528,27256,,45437,2315,9172,9568,,8802,8990,7148,33468,1272,,24047,796,,,7253,40115,37001,,,16059,1521,5116,39352,2652,,31399,23031,11380,,,6658,,1212,1300,4837,1576,,4128,43521,22938,39818,3514,7168,15127,11271,49048,,26908,37761,8954,34468,,9818,17109,2319,1683,1461,26734,,6982,94642,2418,3126,19367,12171,1873,499,28256,,19923,91810,71760,9704,1421,604,18582,10157,1560,25983,3333,,3413,13188,,15516,3312,3487,54636,6480,12025,,5725,801,2593,7696,4897,1741,44823,,,32281,,3846,804,4353,,,,,64573,42933,4076,14298,11886,1819,6180,7975,4967,,17959,27111,37327,127563,,15246,19660,1038,,,21997,10858,,10038,,5406,55241,2546,39958,2099,11130,,,19086,1185,65331,21162,28096,1672,615,,11597,,34206,6223,2858,12553,,5733,42873,52786,5888,37661,1800,1880,11400,1206,1228,,4920,,28790,9109,16013,7137,20690,3048,1304,7848,95637,37504,50599,13489,,3211,,2761,16178,4193,,,3687,,,,4320,,2752,1629,,3455
2007,,1298,,7977,12289,,43442,6453,,26008,13873,6877,40558,40643,43418,13243,25412,43251,2158,16099,13103,41575,8240,1616,60117,5507,4850,8820,13170,13364,,75054,14430,1304,713,2321,2564,41432,5666,57734,892,1755,,18278,7225,,,10278,1472,588,4905,,12079,2831,21426,17055,35455,28595,,45609,2399,9713,10233,,8840,9467,7391,36788,1246,,26066,863,,,7128,42016,37641,,,16693,1528,5760,40693,2751,,32408,23858,12042,,,6906,,1203,1313,5143,1607,,4297,45937,23091,42598,3806,7516,15903,11157,50001,,28091,38125,9047,35183,,10386,18419,2416,1782,1392,28063,,7431,94915,2599,3298,21438,13122,1947,555,29553,,22396,96245,79813,10319,1468,641,19394,11040,1576,27001,3454,,3412,13901,,15805,3262,3603,60930,7046,13288,,5825,835,2846,8095,4925,1779,46605,,,32928,,3998,799,4528,,,,,65781,44585,4194,14231,13087,1903,6398,8563,5205,,19254,27732,36298,126364,,16442,21374,1087,,,22327,10636,,10357,,5711,56644,2524,41464,2143,11833,,,20968,1249,68375,23416,29878,1753,615,,12052,,34845,6586,3097,13059,,5847,44005,54483,6094,38761,1898,1980,11940,1323,1224,,4664,,30008,9585,16551,7834,21458,3230,1367,8519,82993,38164,51011,14336,,3467,,2833,17298,4015,,,3907,,,,4354,,2901,1568,,3756
2008,,1311,,8644,12314,,41426,7103,,25736,14646,7383,38594,41312,43952,14365,24373,42507,2265,16075,14488,41641,8293,1646,60676,5663,5066,9316,13858,13906,,72351,15368,1358,723,2442,2571,41468,6031,56832,894,1753,,18698,7880,,,10489,1440,607,5022,,12219,2854,21873,17765,35828,29128,,45017,2502,10425,10408,,9244,9974,7450,40143,1088,,24743,931,,,7129,42122,37505,,,15800,1566,5900,41199,2907,,32197,24413,12116,,,6960,,1230,1326,5208,1600,,4391,46635,23334,42294,3901,7856,15955,11616,47713,,28562,37475,8951,34800,,10897,18797,2358,1803,1427,28650,,7566,91966,2791,3483,20977,14158,2041,588,29853,,23223,95001,80191,10872,1528,674,19968,12029,1602,27872,3378,,3356,14615,,15826,3197,3890,59857,7563,14183,,6091,864,2891,8169,9657,1866,47388,,,32122,,4060,843,4684,,,,,65216,47799,4187,13492,14033,1982,6684,9249,5332,,19996,27747,35855,126076,,18032,22506,1173,,,22961,10843,,10517,,5731,54401,2673,44189,2162,12522,,,20065,1289,65991,24670,30816,1835,615,,12263,,34676,6907,3246,13470,,5887,43421,55020,6246,36526,2001,2030,12216,1486,1219,,4748,,30875,9938,16454,8877,22431,3480,1437,8762,73029,37739,50384,15317,,3733,,2944,17911,3564,,,4085,,,,4420,,3039,1286,,3776
2009,,1548,,8994,12285,,41735,7039,,22389,14605,6358,35573,41170,42171,15394,22950,40825,2355,15334,14549,40225,8145,1641,57152,5934,5152,9063,12680,13749,,69924,14692,1358,723,2409,2554,39884,5941,51952,892,1772,,18329,8565,,,10511,1431,607,5236,,11914,2892,20283,18035,34166,27560,,42498,2590,10289,10363,,9143,10267,7180,35880,1095,,21137,986,,,6959,38455,36215,,,15238,1615,5642,38975,2934,,30780,23789,11273,,,6826,,1194,1340,5344,1628,,4200,45390,21839,39979,4177,8108,16123,11992,44222,,28419,35260,8526,32880,,11243,18527,2371,1765,1407,28716,,7756,81025,2837,3668,18300,15393,2091,643,29182,,20003,88284,79361,10824,1426,713,19320,11096,1622,26888,3316,,3233,15020,,14893,3243,3661,53735,7357,13352,,6313,893,2979,8090,7920,1929,45590,,,31723,,3896,806,4874,,,,,63354,49393,4227,11974,14339,2055,6306,9246,5304,,20507,26895,35199,122655,,16947,20739,1210,,,21416,10759,,10287,,5418,47221,2701,44276,2153,12180,,,19765,1304,63644,23334,28157,1709,615,,11903,,33142,7080,3259,13747,,5860,40820,53179,6497,36491,2029,2076,11915,1652,1230,,4772,,29383,10187,15467,9303,19240,3319,1490,7498,60955,35840,48558,15912,,3968,,2970,17056,4187,,,4260,,,,4494,,3224,1352,,3799
2010,,1637,,9374,12494,,38982,7047,,20567,15765,6508,33288,41330,42861,15950,22915,40553,2459,15297,15703,40764,8209,1637,56395,6516,5279,9145,13642,14660,,70636,14886,1431,725,2513,2571,40773,6005,49795,901,1953,,19204,9430,,,10777,1426,632,5533,,12322,2892,19989,18477,33747,28111,,42997,2665,10375,11075,,9311,10615,7237,34431,1083,,21710,1081,,,7098,39425,36745,,,15982,1667,5938,40632,3091,,29190,24966,11178,,,6849,,1185,1368,5542,1518,,4270,48108,22062,38809,4547,8498,16980,12330,43860,,29509,35753,8370,34404,,11256,19601,2503,1729,1393,30440,,7949,75365,2790,3901,18148,16263,2235,689,30261,,20758,91147,98722,11179,1390,737,20398,11674,1664,27906,3514,,3299,15599,,15460,3337,3925,54146,7708,13656,,6466,930,3077,8433,9523,1999,45843,,,31824,,3966,841,5114,,,,,62946,49188,4220,12113,14921,2163,7008,9915,5614,,21328,27393,34454,127984,,16888,21664,1262,,,20479,10515,,9935,,5405,44525,2743,45598,2182,12301,,,20364,1347,72056,24438,28377,1787,614,,12087,,32994,7572,3282,14325,,5862,42898,54183,6603,39085,2110,2143,12822,1777,1246,,4945,,29321,10411,16674,10032,20095,3222,1515,7844,56644,36240,49373,17095,,4185,,2948,16536,4163,,,4486,,,,4534,,3451,1484,,3838
2011,,1695,,9640,12606,,41958,7094,,19988,16972,6812,36016,41706,44029,15754,22689,40083,2589,15336,16603,40946,8178,1643,54985,6909,5462,9248,14341,15101,,71991,15278,1481,731,2646,2610,41567,6206,49884,913,1896,,20141,10274,,,11332,1427,657,5569,,12694,2706,20571,19005,32983,28603,,43314,2767,10333,11241,,9882,10629,7352,35150,1139,,23576,1171,,,7228,40251,37328,,,16590,1545,6322,42080,3446,,26675,25730,11219,,,6957,,1200,1457,5808,1580,,4345,50086,22524,39619,4787,8907,17425,13248,44913,,30183,35901,8485,34316,,11292,20772,2585,1750,1397,31327,,8227,79102,2921,4133,19405,16431,2301,729,11358,,22530,91469,117188,11431,1372,747,21096,12694,1658,28178,3510,,3357,16179,,15887,3412,4179,58081,8905,14082,,6698,974,3181,8715,10879,2044,46388,,,32283,,4154,828,5217,,,,,62737,45081,4261,13034,16254,2341,7186,10429,5721,,22333,26932,34121,133734,,17363,22570,1324,,,20582,10535,,9883,,5675,43092,2801,49230,2163,12572,,,22556,1400,74949,25066,28492,1975,614,,12291,,32674,8112,3524,14942,,5846,43709,54551,6358,39059,2212,2243,12798,1940,1273,,5023,,28743,10235,17908,11361,20878,3488,1607,8282,56192,36549,49781,17916,,4412,,2916,16960,4359,,,4717,,,,3761,,3557,1626,,3505
2012,,1893,,9811,12779,,41926,7230,,20577,17101,7291,35419,42522,44216,15888,22841,40732,2725,15261,16907,40687,8287,1685,52137,7138,5650,9149,14905,15234,,71664,15443,1532,737,2790,2661,41865,6224,49297,932,2003,,21050,11017,,,11636,1435,685,5631,,13162,2928,20183,19586,31710,28333,,42869,2807,10149,11391,,10233,10683,7442,35282,1180,,24761,1240,,,7303,39489,37227,,,17252,1584,6702,42959,3685,,24991,26213,11046,,,6985,,1216,1391,6054,1603,,4131,50347,22306,39925,4967,9327,16068,14545,44673,,30518,34813,8521,34988,,11340,21506,2631,1772,1393,31901,,8387,81080,2870,4381,20597,16633,2390,782,23032,,23711,89153,125515,11370,1374,740,21920,12637,1603,28271,3672,,3470,16651,,16320,3428,4151,58081,9851,13712,,6777,1017,3346,8995,13071,2118,45484,,,32806,,4304,891,5291,,,,,63620,44060,4337,13532,17627,2476,6975,10913,6005,,22740,25953,33580,130990,,17502,23299,1400,,,20098,10275,,9997,,5654,41105,2837,50916,2174,12505,,,23685,1582,75630,25424,27682,2024,616,,12375,,31971,8856,3856,15254,,5910,43263,54573,6432,39482,2320,2288,13586,2040,1314,,5032,,29086,10609,18057,12460,20292,3489,1622,8319,57028,36535,50549,18447,,4705,,2902,17642,4842,,,4912,,,,3765,,3678,1750,,1810
2013,,1884,,9961,12893,,43735,7488,,20353,17629,7527,36083,42840,44059,16593,22518,42444,2853,12867,17085,40607,8215,1733,50669,7167,5934,9387,16155,15518,,69474,15695,1588,747,2942,2739,42213,6232,49345,584,2055,,21746,11805,,,12054,1450,724,5680,,13427,3123,20049,20122,30081,28124,,42483,2903,10011,11790,,10541,10731,7515,32654,1157,,25254,1336,,,7502,38788,37309,,,17580,1608,6930,42887,3873,,24159,26688,11273,,,7063,,1213,1362,6336,1648,,4154,51656,22708,40958,5244,9729,15552,15368,44640,,30927,33827,8607,35614,,11405,22470,2706,1796,1392,32684,,8613,79395,3121,4667,21699,16623,2473,875,19760,,24732,88850,136540,11664,1369,757,22589,13353,1589,28822,3776,,3579,17146,,16346,3286,4542,57886,10833,14156,,6967,1064,3526,9275,13568,2173,45021,,,33360,,4432,897,5423,,,,,63322,41770,4454,13153,18793,2558,7833,11395,6326,,23144,25677,33818,131579,,18182,23561,1426,,,20620,10152,,10177,,5502,39209,2876,51294,2185,12889,,,24805,1865,77721,25759,27368,2041,619,,12454,,31681,9426,3903,15556,,5998,43448,54983,5464,40214,2432,2382,13932,2093,1346,,4879,,29469,10768,18579,13555,20278,3528,1621,8338,59092,36908,51282,19321,,5002,,2895,17614,4498,,,5125,,,,3832,,3800,1773,,1965
2014,,1877,,10160,13179,,44929,7546,,20797,17519,7763,36447,43219,43906,16710,22439,43963,2991,12829,17349,40885,8418,1779,48728,7500,6153,9516,16725,15412,,72219,16048,1606,758,3093,2829,42817,6343,49118,578,2141,,21967,12609,,,12447,1459,768,5905,,13713,3324,20060,20704,29673,28695,,42777,3016,10207,12505,,10774,10792,7613,30783,1140,,25865,1432,,,7735,38569,37218,,,17912,1555,7233,43444,3953,,24502,27216,11400,,,7181,,1179,1363,6545,1670,,4214,52552,23609,41237,5565,10099,15573,14018,46633,,31180,33078,8462,35635,,11496,23092,2776,1822,1391,33629,,8810,83394,3169,4925,22460,16794,2494,934,14887,,25708,88203,142893,12096,1371,778,23579,14095,1653,29508,3638,,3718,17731,,16496,3475,4754,61738,11509,14358,,7040,1115,3727,9506,15227,2265,45281,,,33538,,4574,923,5607,,,,,64020,48201,4619,14078,19637,2510,8038,11514,6598,,23952,26055,33649,133563,,18569,23293,1485,,,21688,9917,,10131,,5525,39614,2923,52096,2206,12717,,,25038,1959,78958,26355,28059,2030,621,,12446,,32270,10043,3940,16649,,6058,44029,55776,5105,41376,2533,2472,13986,2173,1387,,4962,,29820,10825,18884,14762,20107,3548,1638,8267,60578,37614,52118,19929,,5320,,2837,16666,4493,,,5370,,,,3866,,3898,1773,,2574
2015,,1925,,10620,13434,,46577,7615,,21049,17344,7763,37138,44056,44401,16986,22818,44138,3161,12984,17415,41240,8501,1830,47081,7983,6295,9833,17196,15441,,73003,16371,1654,777,3267,2897,43294,6514,49009,599,2191,,22465,13334,,,12761,1472,809,6220,,14132,3491,20260,21291,29797,29437,,43495,3139,10503,12837,,10996,11031,7776,31087,1129,,26812,1520,,,7925,38923,37599,,,18627,1644,7474,44053,4099,,25430,27763,11593,,,7279,,1225,1386,6816,1710,,4270,53874,24200,42182,5903,10504,15573,14646,47758,,31590,33297,8606,36162,,11752,23468,2898,1824,1390,34644,,9021,82633,3245,5212,23282,17050,2598,958,17261,,26665,88314,148374,12547,1400,799,24320,14408,1684,30265,3661,,3877,18350,,16850,3510,4896,63472,11819,14833,,7319,1176,4012,10040,16686,2352,45784,,,34186,,4712,943,5727,,,,,64304,48226,4743,14315,20485,2529,8219,11903,6876,,24787,26437,33604,132877,,19203,23038,1549,,,21896,9997,,10435,,5558,40075,3003,52469,2251,12908,,,25684,2085,80794,27204,28550,2047,624,,12509,,32979,10624,3975,17125,,6095,44892,56118,4637,42948,2582,2571,14512,2086,1433,,5069,,30113,11126,19360,15865,20068,3622,1680,8449,60749,38225,53354,20438,,5598,,2912,15753,4319,,,5623,,,,3887,,4034,1801,,3047
